MntWines,MntFruits,MntMeatProducts,MntFishProducts,MntSweetProducts,MntGoldProds
635,88,546,172,88,88
11,1,6,2,1,6
426,49,127,111,21,42
11,4,20,10,3,5
173,43,118,46,27,15
520,42,98,0,42,14
235,65,164,50,49,27
76,10,56,3,1,23
14,0,24,3,3,2
28,0,6,1,1,13
5,5,6,0,2,1
6,16,11,11,1,16
194,61,480,225,112,30
233,2,53,3,5,14
3,14,17,6,1,5
1006,22,115,59,68,45
53,5,19,2,13,4
84,5,38,150,12,28
1012,80,498,0,16,176
4,17,19,30,24,39
86,2,73,69,38,48
1,1,1725,1,1,1
867,0,86,0,0,19
384,0,102,21,32,5
270,3,27,39,6,99
6,4,25,15,12,13
173,4,30,3,6,41
5,1,3,3,263,362
36,2,42,20,21,10
684,100,801,21,66,0
8,4,10,2,2,4
112,17,44,34,22,89
110,0,5,2,0,3
96,12,96,33,22,43
482,34,471,119,68,22
40,0,19,2,1,3
702,17,151,0,8,35
6,3,14,15,7,36
55,0,6,2,0,4
437,8,206,160,49,42
421,76,536,82,178,102
13,1,29,3,0,7
9,0,6,3,1,3
81,11,50,3,2,39
3,1,10,3,2,12
123,164,266,227,30,174
3,18,14,15,22,50
13,6,15,3,5,13
48,5,48,6,10,7
826,50,317,50,38,38
245,19,125,37,67,14
650,37,780,27,167,32
12,6,20,30,1,3
510,120,550,156,40,241
328,9,124,12,24,109
984,51,432,180,120,190
295,35,482,121,120,40
13,0,8,2,1,5
11,3,22,2,2,6
447,0,28,0,0,43
712,26,538,69,13,80
452,18,102,16,18,6
523,7,134,37,14,169
546,0,48,0,6,6
398,40,367,119,122,30
1,3,6,3,6,15
10,0,1,0,0,0
688,14,309,201,24,38
247,49,159,7,82,109
856,59,487,58,29,73
496,36,460,189,60,12
25,3,43,17,4,17
258,107,291,84,37,86
565,6,65,0,6,19
14,10,13,4,15,9
2,1,6,2,1,1
721,111,925,97,18,18
1032,105,779,137,105,51
1,0,5,0,3,9
577,0,64,0,0,51
64,4,68,7,5,17
4,1,5,2,0,4
25,5,19,7,0,23
112,17,44,34,22,89
163,23,424,27,65,76
17,8,14,10,4,3
130,0,16,0,0,5
292,6,37,0,3,34
350,60,568,110,133,145
135,9,39,4,0,7
230,42,192,49,37,53
7,0,8,2,0,1
445,37,359,98,28,18
15,2,10,0,1,4
27,2,14,0,0,0
5,3,11,12,5,9
505,0,26,0,0,75
51,2,7,0,1,2
207,26,447,75,0,223
135,46,92,65,61,11
53,1,5,2,1,10
41,1,6,2,0,5
386,172,183,185,132,111
562,81,276,80,40,81
217,76,690,50,26,38
1,3,6,10,0,9
144,1,32,2,1,7
295,106,271,75,98,65
76,3,31,4,4,27
454,194,106,31,22,43
425,115,292,23,35,79
1332,17,311,23,51,86
527,0,21,0,0,60
490,44,125,29,20,22
378,0,101,0,0,72
64,1,21,0,1,27
547,99,812,151,82,33
47,90,94,123,103,120
12,5,25,0,9,30
1,6,7,11,5,3
320,48,133,39,72,48
34,3,29,0,4,10
9,0,7,3,4,7
17,0,14,7,3,2
722,27,102,44,72,168
162,33,124,40,28,172
450,133,951,173,0,216
70,0,16,0,0,4
352,0,27,10,0,15
492,19,110,16,12,12
120,58,73,65,89,58
534,5,47,0,5,41
236,106,189,23,41,130
231,65,196,38,71,124
220,0,33,3,0,23
796,14,590,38,44,0
0,1,3,10,6,9
53,1,34,2,0,16
15,0,8,4,2,20
17,1,12,3,1,4
962,61,921,52,61,20
738,0,232,13,20,50
399,28,756,36,40,126
614,16,132,43,33,33
32,34,41,73,16,116
598,16,141,32,41,49
2,1,18,20,11,16
6,1,10,0,1,4
73,3,90,12,1,32
42,16,29,12,20,8
295,21,78,39,13,13
346,17,48,23,13,13
233,20,57,8,20,91
5,7,24,19,14,20
888,0,57,0,0,76
997,26,269,34,13,42
212,6,69,4,12,3
8,1,7,2,0,0
42,11,57,10,28,14
536,11,387,149,91,57
5,0,3,0,0,5
1349,16,249,43,16,33
53,3,49,7,4,5
1001,12,240,16,12,12
20,2,1582,1,2,1
18,1,32,6,3,28
125,16,98,134,21,27
212,5,33,7,0,2
277,162,305,173,76,124
15,10,19,8,17,20
7,3,10,8,1,7
12,4,6,11,8,16
85,7,24,2,3,27
81,0,6,0,0,6
59,0,12,0,0,48
1149,71,449,69,71,26
847,66,119,86,89,111
29,0,14,0,0,2
2,0,5,2,0,1
207,26,447,75,0,223
152,3,22,2,5,7
12,11,10,3,12,9
620,26,195,34,17,141
47,1,6,0,0,12
1,9,7,2,14,10
10,1,18,10,4,7
35,0,2,0,0,2
356,0,107,19,9,117
783,30,537,140,76,15
42,1,18,3,0,4
1,4,10,29,0,36
466,22,432,147,113,102
15,6,8,7,4,25
23,3,21,3,19,22
235,6,45,8,9,12
10,0,10,3,1,7
656,16,106,32,16,8
519,17,813,27,173,51
344,189,482,50,33,172
96,1,79,7,1,79
448,4,34,6,4,39
265,138,553,224,23,92
587,43,337,42,87,54
763,29,138,76,176,58
22,0,13,0,0,3
6,4,1,7,2,15
7,6,13,7,6,14
81,18,113,47,13,21
54,0,7,0,0,4
1170,48,320,42,32,192
72,24,68,65,4,8
613,22,319,33,102,12
224,0,30,0,0,10
410,0,59,19,9,44
239,10,554,254,87,54
171,7,171,25,19,89
12,0,4,0,0,1
1076,16,417,42,48,16
182,4,33,0,0,66
824,32,162,42,32,43
30,11,25,29,1,18
377,10,540,80,30,10
520,7,154,19,0,14
155,1,25,0,1,3
897,23,207,15,11,92
131,0,16,2,1,39
297,7,79,0,11,182
787,20,204,0,0,92
792,86,740,67,51,17
4,1,9,3,0,0
231,7,137,4,15,39
983,76,184,180,138,27
3,1,8,4,3,3
0,4,5,6,0,4
562,21,464,28,10,32
5,9,20,6,8,21
18,0,4,0,0,1
415,5,124,15,35,11
5,3,10,12,7,20
8,0,5,7,0,2
901,61,757,186,163,20
382,114,276,75,124,38
14,1,7,2,1,1
559,153,503,218,13,181
789,0,133,0,28,152
11,0,5,0,0,1
1218,16,272,104,0,80
925,64,179,133,12,77
864,134,768,150,38,172
960,28,183,220,70,70
16,3,25,6,1,13
3,3,7,0,2,11
168,148,444,32,172,148
45,47,52,21,20,25
650,28,353,45,42,30
24,0,8,0,0,1
918,21,118,13,10,21
138,33,87,28,24,12
12,4,2,10,6,10
11,0,4,0,0,2
1,2,8,4,3,13
554,41,215,11,0,24
167,2,62,24,13,7
9,0,6,4,1,5
177,2,71,3,2,20
38,4,22,4,2,20
483,84,398,205,84,241
77,2,35,0,1,69
182,74,298,162,149,116
10,7,19,8,2,21
778,44,499,95,73,146
16,7,23,0,8,6
167,0,43,6,2,13
13,2,14,8,7,4
33,6,40,3,7,10
625,7,99,10,22,7
216,162,224,101,92,162
68,129,396,188,22,15
196,0,512,33,130,54
635,15,100,20,7,131
4,19,9,28,25,17
297,7,79,0,11,182
84,5,38,150,12,28
204,7,149,20,15,66
26,0,8,0,0,3
15,6,20,4,5,20
304,98,230,150,74,74
285,28,242,55,114,135
395,183,565,166,141,28
248,3,81,4,3,51
20,6,5,0,9,12
39,0,56,20,8,14
777,129,573,216,21,203
8,3,22,21,1,13
9,1,3,0,4,8
1241,0,80,0,13,40
6,4,7,4,3,8
65,4,16,0,4,11
395,15,263,60,54,38
801,0,80,0,0,35
36,0,12,2,2,10
513,14,154,19,0,28
37,0,46,4,3,0
80,15,93,20,13,52
14,1,21,2,3,25
525,147,112,219,147,63
1,26,25,17,23,15
675,11,400,15,45,11
509,0,27,0,0,10
154,2,46,20,4,15
3,5,14,2,12,17
25,0,8,2,0,2
861,138,461,60,30,61
768,44,561,77,44,14
185,0,28,3,2,17
24,0,7,0,0,1
44,4,21,6,0,27
91,64,128,65,3,50
11,0,7,3,1,6
738,20,172,52,50,20
412,5,119,38,29,77
3,3,7,6,2,9
16,0,3,0,0,1
731,60,353,78,12,73
424,17,118,7,23,41
792,0,275,45,45,126
21,2,28,3,2,9
22,1,11,0,1,2
33,0,5,0,0,0
68,7,59,10,5,11
9,1,6,3,0,4
40,2,15,8,0,6
909,11,218,0,0,23
23,1,13,2,2,18
11,2,9,3,0,8
317,46,247,151,46,139
797,153,293,72,97,30
10,2,16,11,2,21
856,61,570,40,25,122
755,144,562,104,64,224
456,19,832,75,118,38
37,32,38,11,3,18
1103,0,45,0,0,34
378,14,68,19,14,14
1,6,7,0,1,3
204,34,204,172,153,173
30,0,9,0,0,3
189,104,379,111,189,218
15,0,12,7,3,7
9,0,3,0,0,4
495,33,255,11,33,8
656,80,455,52,107,93
452,20,514,13,30,0
546,91,410,119,0,22
1048,0,217,0,0,12
22,2,14,0,1,10
78,0,11,0,0,10
561,64,785,84,128,48
629,17,177,69,0,8
269,15,69,15,19,38
736,163,818,212,163,61
512,0,83,0,0,41
19,3,10,11,8,6
9,0,6,4,1,5
247,8,160,6,8,65
404,0,92,28,27,142
333,0,815,129,42,29
2,3,20,6,11,9
833,33,549,151,133,233
789,0,142,12,9,38
10,4,7,0,6,3
159,4,45,6,2,38
7,1,6,3,1,11
977,12,253,16,12,101
38,4,22,3,3,3
57,0,27,0,0,36
3,9,15,13,2,39
10,4,14,4,4,1
1043,24,97,32,24,157
3,9,13,2,12,12
11,0,5,0,0,1
3,6,5,0,2,6
43,12,96,78,40,55
73,3,90,12,1,32
12,0,1,0,0,6
4,7,7,6,4,13
314,11,53,4,3,107
571,50,142,33,50,159
70,0,11,2,8,23
866,21,151,28,21,86
594,134,786,33,134,57
140,4,61,0,13,4
375,152,335,93,91,81
102,9,63,2,9,24
554,35,113,0,7,78
919,0,505,99,30,45
96,1,42,12,3,32
5,2,16,3,2,19
2,0,6,8,6,5
6,4,9,6,36,35
23,1,25,0,8,7
610,105,125,137,42,21
67,5,61,3,8,19
65,36,74,38,20,110
416,0,26,0,0,4
23,0,11,3,2,2
19,3,26,10,9,3
155,7,80,13,7,10
14,0,24,3,3,2
370,9,92,6,9,4
4,22,11,3,7,32
407,53,221,58,150,26
1200,0,204,38,29,14
85,44,54,102,78,6
583,34,309,0,22,125
483,0,591,156,0,12
2,5,9,28,6,28
966,26,282,52,26,26
822,114,108,179,137,114
604,0,100,19,0,28
19,3,19,3,1,3
5,3,11,12,5,9
2,2,2,2,1,1
1076,68,103,29,91,68
1285,42,716,55,0,21
10,0,7,2,0,1
551,137,792,179,103,33
800,0,297,0,34,57
2,2,11,10,6,12
378,0,189,97,172,172
1248,16,349,43,16,16
235,0,235,19,4,191
515,47,181,149,95,95
438,66,400,12,38,114
25,0,22,2,3,5
31,0,7,2,0,6
357,35,271,28,28,14
400,4,35,6,0,22
99,0,15,2,1,5
1,11,5,4,6,9
5,4,13,8,0,4
77,28,31,16,0,4
3,1,2,4,3,1
10,4,14,4,4,1
0,6,3,7,6,12
0,0,1,2,12,5
76,14,74,13,5,10
398,190,537,61,156,37
14,7,11,11,0,5
208,7,82,30,66,35
430,16,322,43,24,33
656,38,161,62,47,37
14,2,30,8,2,3
141,70,106,72,19,23
507,19,364,25,47,9
164,24,103,12,3,42
606,24,974,197,194,64
116,11,72,3,17,46
143,15,60,24,23,5
398,96,447,220,96,32
522,0,257,32,16,66
161,0,253,199,191,122
112,0,6,2,1,14
483,84,398,205,84,241
7,5,39,17,15,37
789,25,420,16,38,0
1239,17,413,23,34,17
4,1,5,2,0,3
335,42,127,28,5,5
639,8,166,11,8,58
563,76,384,84,192,89
2,0,8,2,2,3
746,8,125,11,8,8
22,1,13,4,0,4
4,1,6,4,1,9
478,0,193,110,75,117
20,3,4,2,0,2
451,0,39,0,4,24
371,22,39,6,0,92
281,7,84,15,0,119
19,7,19,0,1,24
26,3,13,2,10,0
138,15,35,25,11,72
213,2,44,0,2,5
407,28,100,120,74,18
483,74,114,169,37,18
738,0,232,13,20,50
502,12,109,16,6,90
11,0,5,2,1,1
24,1,108,29,29,14
1170,19,594,99,76,134
185,2,88,15,5,14
983,20,389,240,50,40
691,0,69,10,0,130
504,13,131,8,0,26
317,25,265,25,19,12
29,1,9,2,0,2
1396,0,322,46,35,17
529,0,356,63,28,0
388,14,218,91,14,21
13,2,21,4,0,24
28,0,4,0,0,0
16,36,21,20,62,108
1047,0,140,67,38,153
31,0,7,2,0,6
815,10,239,28,10,108
225,162,387,106,36,29
493,70,324,146,40,84
34,4,66,3,10,20
382,138,65,60,26,59
127,1,56,0,1,31
325,83,300,86,58,91
238,17,68,8,10,6
1168,92,408,72,129,55
284,0,55,0,6,52
1288,20,613,80,61,27
65,0,46,4,3,20
11,7,9,3,1,11
227,23,389,42,21,75
1035,134,670,25,38,0
27,1,12,2,0,10
982,73,351,56,14,175
179,2,64,38,17,58
1379,33,216,0,33,66
32,1,64,16,12,85
8,4,15,7,6,2
881,38,319,16,25,12
141,15,153,67,31,35
1000,155,379,224,17,120
206,10,67,30,27,71
162,61,83,97,57,61
619,54,260,127,54,54
456,4,24,0,0,9
112,6,92,3,9,38
11,3,22,2,2,6
172,12,112,8,0,15
78,0,11,0,0,7
464,151,292,65,60,30
99,4,32,37,54,6
19,3,19,4,5,26
1,9,8,11,3,22
63,10,83,7,19,19
252,3,42,4,3,102
1478,19,403,0,19,0
198,18,252,32,108,54
8,4,10,6,7,6
416,46,925,60,107,46
42,7,43,20,12,10
14,3,21,2,1,28
17,0,3,0,0,1
15,4,10,3,4,18
6,16,24,11,0,34
458,0,24,6,4,34
30,3,47,19,21,42
179,28,520,111,123,47
90,17,97,15,6,15
308,85,137,102,45,118
557,129,761,29,185,111
7,4,13,15,8,17
1492,38,287,50,57,33
30,8,12,8,8,12
249,153,940,58,134,38
465,25,132,136,0,37
129,129,259,168,121,83
174,18,81,28,6,24
189,2,29,3,2,40
747,10,161,65,40,42
6,0,2,2,0,1
14,0,3,0,0,4
12,0,4,0,0,1
98,0,106,49,10,106
32,0,5,0,0,1
51,12,49,17,24,24
200,5,44,0,10,20
25,6,25,6,0,0
1050,12,144,0,0,24
117,0,22,13,0,30
9,4,17,10,2,7
56,0,11,0,0,8
145,13,46,17,2,4
203,0,10,0,0,2
270,3,27,39,6,99
9,0,16,6,6,10
37,12,23,8,11,52
46,0,7,0,0,2
31,1,13,7,2,9
1060,21,530,32,0,224
264,47,188,54,47,11
399,4,30,6,4,30
8,9,9,2,5,22
19,0,35,6,4,17
817,183,797,106,163,20
292,127,635,132,127,165
12,6,2,11,2,16
130,30,168,20,34,0
6,4,16,3,10,30
16,12,18,7,1,13
19,0,9,0,0,2
4,7,15,13,9,15
31,3,31,2,8,4
36,0,2,0,0,4
526,28,135,10,21,99
400,32,519,71,75,54
410,16,114,0,5,49
80,3,26,4,2,14
88,10,46,2,3,64
55,0,6,2,0,4
5,1,13,3,5,1
8,4,5,15,2,11
410,0,592,147,22,22
101,13,76,20,18,40
162,25,53,16,0,10
2,8,1,4,7,15
25,0,8,2,0,2
389,91,248,64,49,41
215,13,87,17,17,24
27,0,5,0,0,3
85,1,16,2,1,2
5,6,10,6,5,10
179,8,83,19,11,26
352,0,27,10,0,15
17,8,12,11,15,32
625,35,169,58,17,35
10,6,11,0,4,2
390,22,323,104,35,107
10,2,15,2,1,6
215,63,507,231,31,190
1001,17,572,93,125,17
19,18,33,24,1,8
41,5,129,10,3,3
1181,107,199,39,30,30
603,45,207,36,18,54
129,129,259,168,121,83
10,24,15,13,1,30
514,22,732,42,198,79
14,0,1,0,0,1
387,20,713,38,54,163
121,103,69,8,44,48
965,69,279,54,41,69
707,21,250,85,43,73
571,50,142,33,50,159
586,66,653,17,0,26
1063,89,102,16,12,25
305,3,27,4,3,144
1200,105,758,0,42,147
163,2,40,8,11,11
1009,181,104,202,21,207
125,6,73,8,4,19
721,0,152,119,50,50
315,4,62,41,31,146
1000,19,711,125,115,38
16,0,17,6,3,6
757,80,217,29,80,11
30,2,25,0,1,9
219,3,100,26,0,17
1,1,1,1,1,1
111,3,28,2,6,15
45,47,52,21,20,25
410,112,420,0,82,71
100,1,39,6,1,76
509,0,65,7,11,5
3,6,5,0,2,6
445,53,213,104,98,151
2,2,11,41,7,11
4,1,11,6,2,2
6,1,7,23,4,19
14,0,3,0,0,3
1,10,11,19,3,15
26,0,6,0,0,2
111,16,37,7,9,18
418,61,428,80,51,10
327,9,122,19,14,83
371,159,194,58,106,141
275,59,107,69,101,59
789,0,142,12,9,38
1,1,5,0,3,1
1004,12,145,32,12,36
187,81,149,25,43,91
56,4,76,17,1,18
365,32,117,34,110,6
595,23,123,10,23,154
1132,134,384,175,134,115
34,11,137,179,61,45
116,6,82,6,6,41
565,32,435,28,32,54
372,18,126,47,48,78
899,102,838,133,102,40
55,16,1622,17,3,4
760,40,480,0,40,26
260,86,559,63,9,67
459,0,24,6,0,4
466,0,224,119,49,99
67,15,80,17,11,80
2,0,7,3,7,10
67,1,20,0,2,31
92,4,18,3,3,6
4,2,11,2,0,4
20,1,28,3,3,2
273,11,178,62,83,29
434,22,388,104,22,34
321,11,309,33,26,34
212,123,177,15,64,23
909,12,278,0,12,242
1184,32,352,21,16,16
112,19,21,16,14,5
656,80,455,52,107,93
23,0,8,6,2,18
537,6,42,16,6,30
712,0,45,0,0,191
23,1,13,2,2,18
1,3,4,2,2,6
664,58,83,32,0,66
6,10,21,19,14,42
299,5,201,21,21,49
99,13,66,43,8,4
749,40,294,121,160,147
345,25,501,63,138,80
9,4,18,7,5,5
440,81,368,0,122,174
8,2,5,3,0,3
670,9,249,0,28,9
524,0,134,28,28,155
6,0,6,2,1,1
597,166,597,172,166,249
7,0,12,13,7,32
54,0,7,0,0,4
445,25,706,80,76,48
294,142,218,164,58,151
292,3,77,10,3,26
412,22,132,59,28,183
8,0,3,0,0,0
349,4,78,6,0,43
328,9,124,12,24,109
144,2,99,7,2,30
1126,28,211,37,28,42
967,0,617,43,50,0
432,79,341,177,136,170
138,39,63,55,18,21
0,0,1,7,4,6
509,133,497,78,24,97
948,10,86,13,21,21
39,2,25,4,3,24
28,1,21,3,0,10
13,11,24,13,8,40
307,26,360,138,31,40
901,31,345,75,31,191
2,5,12,4,8,7
283,17,372,138,106,44
4,3,7,0,3,11
769,80,252,15,34,65
518,42,742,55,56,84
350,8,66,17,4,4
445,53,213,104,98,151
778,178,689,41,27,44
709,93,374,104,80,80
359,35,314,93,116,89
799,12,375,16,12,12
895,10,101,13,0,152
40,2,23,0,4,23
76,0,7,0,0,16
11,5,22,12,5,11
245,16,223,21,43,16
647,107,391,175,67,40
39,1,9,2,1,34
203,35,305,46,17,227
138,3,38,4,0,59
587,51,898,247,0,86
595,97,291,127,133,121
43,12,23,29,15,61
301,7,74,10,0,58
180,32,348,76,32,90
794,115,243,150,0,205
392,5,91,28,26,112
39,1,22,3,4,12
107,2,12,2,2,12
13,0,3,0,0,0
70,0,17,0,0,6
680,11,392,75,0,0
26,1,11,0,1,4
522,0,522,227,120,134
412,12,546,78,182,0
6,5,5,8,0,5
2,3,6,4,1,9
1,3,8,2,5,5
6,2,15,6,6,3
4,12,5,3,16,17
18,2,19,0,2,6
324,48,186,39,18,198
327,9,125,25,4,139
229,27,71,13,3,34
521,168,706,80,76,61
184,23,446,30,23,23
4,8,11,12,2,13
183,2,64,7,2,12
31,19,35,26,14,52
219,3,60,12,9,12
479,28,136,75,14,35
584,44,212,46,8,177
627,91,597,159,91,15
24,1,16,12,2,5
330,5,159,36,27,16
19,1,10,2,1,8
28,23,29,29,14,47
606,148,228,15,148,22
1039,43,204,153,58,29
411,0,26,0,0,21
34,1,19,2,7,0
161,28,136,32,3,45
623,53,178,23,17,133
604,26,470,123,161,94
3,10,8,3,16,32
12,2,17,6,1,10
184,174,256,50,30,32
393,0,239,90,69,69
410,73,747,76,161,30
376,9,83,19,4,4
7,2,4,2,1,4
68,0,226,51,157,68
642,14,49,0,7,57
8,7,9,13,6,12
840,53,804,23,71,17
7,10,13,3,11,11
464,5,64,7,0,37
30,3,47,19,21,42
1492,38,287,50,57,33
752,122,476,39,153,34
1279,15,287,20,0,15
22,1,8,2,1,2
860,28,409,73,56,56
3,0,5,13,0,1
10,5,28,11,1,8
351,16,156,7,5,145
421,5,90,0,16,10
2,5,7,0,18,18
25,1,9,2,1,1
336,123,274,46,123,141
191,9,97,0,6,82
563,50,774,28,31,187
31,0,6,0,1,8
479,5,82,7,17,171
18,6,15,12,8,17
91,65,52,10,44,28
5,7,24,19,14,20
2,14,28,16,3,7
362,50,431,134,35,54
724,74,929,97,55,130
605,91,399,0,45,205
547,7,140,0,7,63
104,1,54,13,9,14
8,2,15,0,10,18
224,2,25,7,0,110
384,0,102,21,32,5
556,54,845,202,133,63
24,0,2,0,0,9
408,0,21,0,0,17
265,199,303,234,9,170
34,0,7,0,0,0
374,64,116,84,25,64
27,2,10,0,0,1
600,20,350,29,30,33
13,2,18,6,1,0
167,2,89,0,0,34
0,2,3,4,1,5
46,35,69,84,41,66
88,39,78,58,13,93
243,11,119,10,3,15
275,11,68,25,7,7
6,0,4,0,0,0
121,62,90,68,20,125
4,12,15,19,7,12
1308,0,396,23,0,0
515,47,267,62,66,38
4,0,16,17,4,4
48,13,57,24,15,25
562,58,168,43,16,142
769,22,500,210,143,33
379,4,93,12,9,98
29,12,59,19,1,36
387,68,569,89,45,68
12,23,38,30,18,7
6,10,12,3,15,40
27,1,14,4,1,21
9,1,5,0,0,1
22,0,19,6,5,3
899,102,838,133,102,40
889,55,685,168,92,129
189,2,55,0,5,12
48,0,2,0,0,5
230,14,156,82,24,58
852,60,207,78,36,48
35,3,20,4,1,20
205,20,47,23,2,56
255,31,446,40,56,175
0,0,1,8,3,2
437,8,206,160,49,42
825,8,53,11,0,242
316,58,161,76,51,135
756,138,354,160,169,61
194,55,134,15,0,3
7,17,18,6,10,26
183,33,493,59,103,57
171,0,11,0,1,20
243,101,405,29,40,40
181,21,69,39,3,96
151,7,89,0,7,28
494,92,391,194,11,241
464,28,873,29,18,37
5,1,5,10,0,7
29,0,29,0,5,4
102,9,49,24,3,12
604,28,674,91,28,28
571,12,523,63,60,24
953,0,71,0,0,174
63,3,67,8,9,28
770,29,890,250,27,24
398,61,265,138,61,53
741,19,154,50,9,28
1478,19,403,0,19,0
156,29,56,30,32,47
960,64,464,146,0,16
38,0,2,0,0,6
315,26,473,220,12,182
15,20,25,2,7,26
19,6,20,0,5,12
812,99,431,237,149,33
73,28,217,10,24,115
372,23,384,250,12,108
871,111,704,145,55,166
375,152,335,93,91,81
760,80,466,17,13,80
471,0,510,99,21,12
31,9,27,16,9,33
819,0,72,12,0,63
1,4,3,8,9,7
203,35,305,46,17,227
26,0,15,2,1,2
354,21,311,167,75,32
1253,0,447,23,71,35
371,17,238,23,24,106
588,7,76,110,15,15
480,86,249,75,86,144
517,12,54,16,6,120
267,98,606,48,70,98
1111,24,790,160,45,172
7,7,14,7,16,15
1166,0,48,0,0,36
261,42,144,55,48,133
135,25,51,23,25,46
6,2,18,2,8,14
711,28,142,49,18,47
11,0,13,2,4,11
42,0,17,0,0,18
79,7,58,6,3,18
20,6,43,19,5,38
30,0,8,2,0,14
20,2,23,3,1,4
115,27,44,4,146,139
263,5,233,69,41,83
69,2,15,2,2,6
267,3,30,4,0,57
561,85,171,25,123,114
492,0,37,7,0,42
14,7,9,6,16,12
80,4,46,0,17,2
97,12,84,13,10,15
197,107,227,7,59,131
693,21,925,31,24,84
43,2,27,0,9,12
14,0,2,0,0,7
186,36,234,86,72,48
434,137,400,45,137,45
59,0,11,4,2,5
16,5,30,8,7,26
230,35,75,63,57,31
829,138,430,60,92,15
318,8,407,150,35,8
1206,55,445,168,18,18
292,3,77,10,3,26
30,9,12,2,11,30
729,17,133,11,0,195
12,1,3,0,0,7
2,1,1,1,0,1
22,3,18,0,0,11
587,43,337,42,87,54
674,168,108,192,42,231
284,3,84,4,7,23
1023,93,651,49,55,37
1394,22,708,89,91,182
311,26,640,180,37,121
27,0,12,0,1,5
1296,17,311,45,69,51
3,6,7,0,0,3
393,5,136,7,5,27
218,63,282,137,35,70
66,0,16,0,6,20
4,2,11,2,0,4
795,0,545,95,58,0
15,10,19,8,17,20
384,25,292,130,41,64
244,8,32,7,2,50
158,19,288,25,0,38
1285,21,449,106,20,20
349,16,144,28,5,182
4,12,11,3,13,15
223,2,31,0,2,39
157,43,127,68,56,37
397,46,288,20,38,70
901,31,345,75,31,191
14,3,21,2,1,28
10,0,3,0,0,4
1230,0,396,232,178,158
81,1,31,2,1,0
154,20,66,0,12,27
63,0,21,7,0,12
30,0,11,0,0,3
90,67,165,30,43,11
635,114,254,132,152,76
127,4,73,15,6,11
13,3,6,6,5,6
18,42,24,15,20,18
45,2,26,4,1,1
38,1,24,0,0,0
986,36,168,16,0,108
61,0,3,0,0,7
4,9,16,17,0,12
201,53,172,116,77,83
19,8,29,0,12,26
4,8,11,19,12,26
18,0,2,0,0,2
806,80,161,120,11,33
380,98,733,110,112,28
576,172,961,125,115,19
458,81,356,106,50,40
5,10,13,3,8,16
350,60,568,110,133,145
39,33,130,41,26,44
26,1,16,2,2,15
68,0,16,0,0,8
45,3,9,4,4,7
359,0,134,13,26,123
403,24,29,6,24,218
34,1,14,0,0,5
73,18,66,7,12,2
292,30,415,63,33,200
14,0,16,0,0,6
80,1,37,0,1,3
30,11,33,13,6,29
463,96,333,168,53,10
75,12,141,43,39,187
538,13,91,17,6,26
635,114,254,132,152,76
8,0,3,0,0,1
1315,22,780,145,0,178
4,2,12,7,5,26
12,0,13,2,0,10
347,44,534,17,0,26
192,5,53,0,5,15
241,0,12,0,0,25
631,28,491,30,14,56
336,28,282,184,54,54
1099,0,45,0,0,34
743,19,181,12,0,200
124,83,267,85,59,35
15,0,8,4,2,20
397,19,69,12,0,9
10,4,4,3,3,14
530,117,678,134,44,147
1215,33,249,64,116,149
3,2,7,0,4,2
444,44,382,11,8,17
26,0,15,2,1,2
736,114,279,82,76,190
473,21,176,19,21,56
32,0,5,2,0,8
288,10,30,4,10,125
1050,178,555,77,138,118
1001,44,107,58,44,44
9,1,7,0,3,2
234,14,77,19,10,42
7,2,6,2,0,3
251,108,334,65,92,117
172,10,125,21,13,16
565,42,548,64,83,99
5,0,8,2,0,0
918,57,842,99,38,133
652,8,158,21,0,142
4,1,7,2,1,2
152,27,103,106,54,81
8,0,9,2,1,3
336,130,411,240,32,43
938,19,843,25,95,38
68,8,18,19,8,12
227,23,389,42,21,75
38,4,22,3,3,3
105,0,9,2,1,4
162,50,100,55,30,27
574,8,216,21,16,33
160,80,369,67,39,41
6,0,5,0,0,1
614,35,160,58,35,35
897,161,430,186,161,27
70,54,109,80,9,45
120,19,206,25,19,54
211,2,30,7,7,10
11,0,16,7,6,21
760,53,400,17,93,0
53,0,8,0,0,2
7,4,13,15,8,17
391,32,70,21,32,16
199,9,57,20,21,6
516,56,449,86,33,16
709,45,115,30,160,45
12,0,4,0,0,0
1000,19,711,125,115,38
19,3,18,3,1,0
1224,28,140,0,14,168
16,2,18,3,0,24
88,39,54,64,28,153
2,23,11,8,6,46
508,11,59,23,5,29
381,28,215,84,28,21
74,0,42,2,1,6
146,0,93,7,13,73
23,17,23,43,20,9
110,5,137,26,23,29
165,3,147,4,24,41
957,47,494,82,47,95
41,0,17,3,1,16
1,3,4,2,3,11
176,29,818,0,33,112
815,8,53,11,0,70
6,1,2,2,0,4
8,4,20,6,3,16
717,42,864,219,30,84
1067,138,750,0,19,39
166,5,107,11,8,29
29,4,34,2,4,4
714,76,395,116,0,12
8,4,10,2,2,4
229,5,56,3,2,20
320,48,133,39,72,48
23,0,26,7,15,3
1,5,8,4,8,20
56,0,12,0,0,18
508,124,249,50,38,134
29,0,25,2,2,3
46,7,59,2,4,27
454,0,171,8,19,32
350,3,39,0,0,19
10,0,8,0,0,9
735,40,183,52,20,30
897,126,196,91,112,37
5,2,3,3,0,5
777,35,731,39,137,114
162,6,37,6,13,13
35,0,11,0,0,2
342,9,112,19,14,19
258,105,239,237,172,9
658,80,483,123,13,13
356,80,329,138,17,106
213,5,28,7,7,41
454,0,171,8,19,32
457,4,29,0,0,9
241,45,604,34,26,54
210,0,6,0,0,2
441,35,83,7,29,11
19,13,18,10,7,8
28,9,37,12,7,13
476,75,162,29,151,97
364,40,425,158,60,50
0,0,2,3,3,8
0,6,3,7,6,12
863,83,547,86,99,33
349,7,35,0,0,47
5,23,15,0,18,14
184,2,19,8,8,4
8,0,8,0,0,2
277,21,64,62,21,25
44,5,19,0,4,19
1156,120,915,94,144,96
373,14,83,6,9,19
134,8,76,6,0,11
1148,0,60,0,0,24
6,12,3,21,6,40
4,1,11,0,0,1
5,4,8,2,0,5
24,2,20,2,2,10
899,0,101,0,0,20
108,1,28,13,1,4
27,2,7,0,2,13
816,66,549,216,66,99
1298,0,70,37,14,42
10,0,11,17,29,29
87,13,34,10,6,10
57,2,51,4,2,23
635,15,100,20,7,131
43,12,23,29,15,61
964,34,137,15,0,11
572,8,259,34,35,80
341,142,113,259,151,66
63,6,57,13,13,22
221,104,169,102,78,84
140,3,29,4,5,14
1,2,8,4,3,13
291,10,689,84,10,0
544,13,85,8,6,29
684,100,801,21,66,0
1,12,9,0,14,7
35,0,4,0,0,10
87,3,25,3,2,13
309,3,24,4,3,20
172,73,93,95,78,34
625,38,242,50,34,76
972,59,913,25,19,59
157,6,39,6,13,75
48,9,45,3,15,20
279,83,88,32,14,34
132,0,16,0,0,4
919,0,505,99,30,45
62,0,22,3,1,26
1,45,3,4,6,42
2,6,4,3,1,9
408,61,109,48,122,41
51,1,7,2,1,25
62,1,16,3,2,6
952,12,180,47,12,12
618,15,106,20,7,45
11,7,12,2,2,27
318,3,17,4,7,56
56,0,14,0,0,2
110,5,59,7,1,7
23,0,11,2,1,3
27,5,8,8,3,12
18,3,19,3,3,6
18,0,9,0,1,11
303,0,280,60,147,15
97,1,19,2,0,11
997,15,414,99,30,76
5,4,13,8,0,4
95,11,35,0,4,7
1,6,2,3,6,3
46,1,12,3,0,9
411,106,147,54,115,66
244,51,270,101,0,45
152,9,121,12,12,45
1,1,3,1,1,1
10,17,18,8,26,40
12,0,5,0,0,4
5,0,4,0,0,1
790,19,133,12,0,19
882,29,514,38,29,44
615,28,259,12,48,30
1004,59,265,115,59,27
133,27,421,13,195,71
595,23,123,10,23,154
293,0,87,4,11,23
313,15,47,20,0,192
151,81,86,168,91,64
15,0,2,0,0,6
736,63,946,219,189,126
15,0,8,4,2,20
982,17,672,23,34,51
1142,51,415,90,69,37
28,0,11,0,0,9
46,0,12,0,2,23
897,161,430,186,161,27
489,6,152,8,6,132
25,4,9,6,8,32
145,1,33,2,1,1
630,26,611,44,18,54
760,38,104,50,9,38
420,15,186,151,38,15
125,17,52,3,19,30
464,5,64,7,0,70
6,6,29,12,15,8
1090,12,96,16,12,60
3,2,11,2,2,10
24,0,27,8,30,10
737,21,106,55,63,210
254,6,71,4,0,27
817,185,687,145,55,241
620,54,239,99,98,119
13,4,20,0,0,1
113,61,204,34,26,47
7,23,78,133,49,144
16,2,18,2,1,5
462,0,24,6,0,4
22,2,10,6,4,34
968,147,842,137,42,210
283,112,151,51,72,125
1,2,5,6,0,3
14,1,7,2,1,1
30,5,24,6,3,8
4,0,5,0,1,5
52,0,9,0,0,1
62,1,57,19,11,48
20,2,14,3,0,10
545,7,114,37,21,78
558,79,622,207,175,95
6,5,4,13,4,25
39,1,9,2,0,8
1111,24,790,160,45,172
4,6,8,6,3,10
183,5,65,3,5,49
546,72,376,94,145,72
606,7,155,10,0,54
266,6,51,8,6,64
1142,29,249,38,29,14
1074,0,69,0,0,46
771,51,154,54,10,154
371,32,189,0,58,6
556,14,717,210,0,43
202,5,74,11,5,14
209,162,209,41,162,37
35,40,111,36,40,12
37,0,17,0,0,3
171,45,73,59,10,90
12,2,20,3,2,5
44,4,21,6,0,27
20,2,9,4,6,20
779,86,537,34,69,138
170,6,97,24,12,88
491,48,231,112,105,134
173,8,107,7,2,176
7,10,13,16,0,4
1205,0,235,19,14,205
10,7,25,6,3,7
97,4,44,6,1,18
67,11,26,4,3,262
345,53,528,98,75,97
6,5,17,3,24,46
73,57,100,71,15,0
711,36,217,172,96,168
774,70,118,182,187,93
163,0,480,0,126,75
82,33,54,71,30,41
358,108,413,141,97,32
66,2,40,4,3,14
13,6,7,0,3,3
139,13,78,20,13,36
274,0,21,4,6,15
262,6,61,0,10,102
1099,0,45,0,0,34
32,0,8,23,4,18
2,4,2,0,11,5
6,10,21,19,14,42
6,7,4,3,4,6
135,46,92,65,61,11
641,7,84,0,30,38
714,76,395,116,0,12
794,73,573,0,29,14
420,0,452,182,64,140
1,2,7,4,3,11
86,12,75,33,15,6
823,25,459,124,29,95
231,161,215,171,30,53
8,15,27,0,20,33
182,17,259,77,70,29
557,129,984,193,37,18
79,1,31,4,4,12
368,24,68,38,0,88
6,4,14,8,8,22
160,15,196,15,11,50
488,21,238,56,108,28
691,7,69,0,7,23
543,10,205,160,143,82
254,7,108,20,0,26
5,4,10,2,2,7
112,19,21,16,14,5
134,11,59,15,2,30
143,6,52,11,8,17
51,4,24,4,7,1
27,0,5,0,0,3
459,0,24,6,0,4
689,8,167,11,8,88
283,10,38,0,13,27
347,0,35,4,3,7
5,13,14,0,5,31
280,0,18,0,0,24
187,5,65,26,20,14
95,14,64,2,9,38
84,10,34,11,10,28
19,4,12,2,2,6
5,1,9,2,0,4
18,3,17,3,0,4
992,24,694,51,19,119
25,1,13,0,0,3
9,1,7,0,3,2
19,1,17,2,0,2
709,93,374,104,80,80
158,0,76,13,7,71
10,14,29,4,2,36
25,1,13,0,0,3
8,4,12,15,4,29
14,0,6,0,0,0
622,7,115,30,0,15
11,0,3,0,0,1
25,3,16,8,5,2
635,15,100,20,7,131
100,64,79,65,0,109
201,2,43,3,5,35
642,14,49,0,7,57
97,1,41,6,2,41
204,5,39,17,0,89
513,7,133,46,14,14
88,3,21,4,1,29
172,12,112,8,0,15
329,35,222,130,35,43
296,13,104,11,13,17
100,2,16,2,1,31
422,7,238,69,46,15
1218,16,272,104,0,80
5,1,7,2,1,4
507,93,520,242,40,26
52,12,50,4,36,55
191,56,139,51,8,100
2,23,11,8,6,46
68,28,39,16,30,41
20,4,10,6,4,17
20,3,16,0,4,1
7,0,1,0,0,0
279,172,74,38,8,246
977,12,253,16,12,101
30,1,8,0,0,3
6,1,7,23,4,19
3,18,26,11,8,12
14,0,2,0,0,7
10,1,7,0,0,1
7,10,17,8,6,13
33,87,64,175,16,74
12,0,13,2,0,10
2,3,10,11,2,10
693,21,118,110,147,42
9,3,15,2,3,2
129,26,67,3,67,2
16,2,11,3,0,16
201,2,43,3,5,35
5,4,5,4,2,10
14,36,11,3,26,35
29,12,59,19,1,36
26,2,19,10,5,8
9,1,4,3,2,3
14,0,23,4,5,19
972,19,595,180,26,138
966,168,672,246,105,126
99,27,102,28,48,6
482,35,553,72,160,17
714,8,99,11,0,47
587,54,348,71,54,130
399,27,159,58,8,39
56,10,92,19,7,25
227,151,573,98,54,31
703,102,601,0,58,43
37,0,17,0,0,3
167,13,180,86,13,70
458,81,356,106,50,40
91,3,52,2,1,31
15,8,16,11,5,22
1302,68,731,89,114,45
153,64,123,116,64,14
508,5,21,7,5,10
290,59,177,77,5,29
38,0,2,0,0,6
2,13,6,7,5,11
30,0,10,2,0,5
386,23,95,54,41,196
443,10,75,0,10,48
901,31,345,75,31,191
9,0,3,0,0,1
846,84,352,91,56,42
8,3,9,19,4,22
72,7,58,13,1,24
29,0,5,0,1,5
169,24,553,188,0,144
460,35,422,33,12,153
69,8,26,12,7,12
556,14,717,210,0,43
73,0,13,0,1,0
112,1,54,7,7,36
944,0,60,0,0,30
265,199,303,234,9,170
526,28,135,10,21,99
2,3,12,3,5,7
2,4,9,10,5,16
378,97,259,197,194,34
553,25,142,65,67,8
751,127,687,20,15,31
406,0,30,0,0,8
1449,89,161,69,35,107
123,17,171,39,0,30
267,42,309,55,42,21
209,0,40,3,2,15
1259,172,815,97,148,33
344,35,178,15,23,17
22,3,30,0,5,15
247,161,295,210,85,47
38,0,12,3,1,1
896,10,101,13,10,34
931,56,253,91,98,14
758,12,385,33,89,89
216,9,57,20,9,125
2,3,10,11,2,10
244,15,108,4,15,50
539,6,91,8,6,97
1181,26,120,17,13,39
750,8,125,11,8,26
306,5,109,21,109,92
350,104,189,197,151,57
331,197,170,58,152,35
620,16,165,0,24,82
434,137,400,45,137,45
57,0,27,0,0,36
811,76,428,99,137,107
423,42,706,73,197,197
2,12,10,6,13,30
60,51,87,6,20,51
675,0,85,10,7,77
30,8,12,8,8,12
40,1,40,4,3,18
3,17,26,20,1,39
910,111,724,49,74,55
252,98,827,219,70,196
34,6,21,11,4,8
19,3,19,3,1,3
2,1,1,0,0,1
490,0,184,10,28,21
332,194,377,149,125,57
53,8,17,13,0,21
784,48,560,42,176,48
7,11,3,10,4,20
1171,43,219,19,14,47
215,7,33,3,0,13
674,62,134,0,26,8
57,0,27,0,0,36
5,36,7,0,10,45
104,20,101,24,15,5
9,0,7,2,0,4
431,82,441,80,20,102
1000,0,76,0,0,10
448,40,469,80,0,91
33,4,24,4,2,5
505,72,270,36,27,54
267,38,701,149,165,63
14,0,3,0,0,1
631,0,115,10,7,30
65,4,16,0,4,11
10,12,12,25,1,20
51,4,50,12,1,49
293,35,179,46,59,65
11,1,2,2,1,6
50,1,27,6,7,1
173,26,255,35,71,81
423,184,368,13,97,21
292,30,415,63,33,200
757,80,217,29,80,11
12,1,6,0,1,5
167,2,44,6,2,19
3,1,3,8,0,5
30,5,22,8,9,28
532,88,168,69,44,133
29,12,59,19,1,36
411,0,26,0,0,21
5,3,4,4,1,0
71,99,278,185,121,38
46,0,40,3,0,3
268,11,88,15,3,22
928,63,254,0,12,12
459,15,171,142,23,31
483,0,108,0,6,36
733,9,180,12,19,66
1006,22,115,59,68,45
34,1,14,0,0,5
1156,120,915,94,144,96
7,4,23,7,0,11
244,15,108,4,15,50
233,0,23,0,0,12
35,3,67,10,8,24
1252,0,465,46,35,0
34,4,66,3,10,20
255,43,134,37,14,24
8,1,5,0,0,1
368,32,639,13,43,10
255,47,573,52,32,15
33,8,10,2,10,3
163,23,424,27,65,76
15,0,8,4,2,20
45,12,52,25,22,13
48,58,68,16,66,43
158,6,45,8,2,2
754,160,625,63,32,48
108,1,28,13,1,4
199,66,315,97,174,41
2,7,5,2,15,27
202,5,74,11,5,14
85,0,3,0,0,7
322,3,50,4,3,42
18,2,19,0,2,6
141,8,129,3,11,47
739,107,309,140,80,35
18,0,6,3,3,5
378,0,88,19,4,73
1083,108,649,253,151,108
1016,12,215,16,12,63
23,1,6,0,0,2
12,1,21,2,2,3
35,0,4,0,0,0
548,31,422,0,112,28
342,32,230,34,32,40
365,3,15,4,3,11
397,19,69,12,0,9
456,19,832,75,118,38
5,6,15,11,7,13
836,185,575,24,25,77
100,2,128,23,7,10
10,0,10,3,1,7
238,115,215,169,69,76
6,0,5,2,1,2
158,11,99,15,11,17
86,12,75,33,15,6
856,0,76,12,9,199
98,1,17,0,1,5
4,16,20,0,17,20
398,96,447,220,96,32
313,8,104,6,4,126
109,18,16,24,26,18
216,2,6,0,0,9
595,71,153,120,112,41
123,133,142,71,44,88
16,0,23,3,2,10
11,12,35,3,5,12
410,112,420,0,82,71
159,2,51,6,2,24
105,0,10,0,1,0
5,1,8,0,0,1
269,15,69,15,19,38
629,0,70,0,0,35
443,5,71,21,16,82
217,77,373,111,23,93
24,1,10,2,0,4
9,1,5,4,5,7
8,0,14,2,3,7
1459,0,61,0,15,215
230,48,214,13,32,75
1,3,6,10,0,9
340,21,134,258,14,56
7,1,6,0,3,3
298,7,68,4,0,19
479,35,179,28,7,85
267,140,599,34,12,127
67,4,32,17,2,16
3,1,8,23,2,18
980,37,265,35,163,31
50,4,28,6,3,26
1,0,1725,2,1,1
19,0,5,0,0,8
30,5,23,4,1,4
213,9,76,4,3,30
539,30,92,80,46,38
284,16,160,84,16,134
1003,34,536,134,51,34
239,13,143,45,4,52
51,23,82,33,0,42
527,24,230,32,24,65
19,5,12,10,3,19
40,2,15,8,0,6
21,8,20,15,3,9
593,30,91,29,22,7
21,5,3,10,1,7
1181,107,199,39,30,30
1004,59,265,115,59,27
202,2,46,3,2,10
446,107,768,33,196,53
1184,102,673,52,40,40
390,22,323,104,35,107
726,53,363,123,107,161
8,8,22,24,11,9
50,15,110,39,15,15
1,1,4,11,9,10
308,0,73,0,0,23
22,2,31,7,4,5
690,117,499,76,102,88
43,5,28,7,6,33
27,0,10,0,0,4
6,0,3,0,0,1
205,7,41,3,2,46
24,0,8,0,1,4
667,50,850,21,83,83
691,7,61,10,0,46
493,26,206,116,80,80
493,70,324,146,40,84
494,5,82,7,0,100
621,73,414,78,48,85
9,0,5,0,0,7
1,6,2,8,2,12
12,4,19,12,6,14
243,131,217,85,6,26
11,1,4,2,0,7
532,21,127,26,20,20
29,0,2,0,0,1
612,91,520,258,107,107
387,126,342,0,45,180
56,0,14,0,0,2
6,8,19,16,4,4
582,0,65,0,0,13
6,17,16,6,16,42
70,6,69,2,3,3
962,12,194,16,24,12
112,10,107,30,0,20
293,0,124,179,97,52
199,12,31,3,12,7
1060,61,835,80,20,101
940,44,396,0,88,58
44,2,11,2,3,7
342,51,936,207,35,26
2,10,11,12,9,20
75,12,141,43,39,187
520,20,367,39,81,40
5,3,9,6,2,6
87,5,71,7,12,29
462,61,184,10,53,107
2,2,1,3,1,2
979,44,935,29,25,22
704,129,853,120,74,111
861,31,558,62,95,79
172,3,115,16,0,18
5,7,31,15,4,7
194,2,56,0,0,0
9,7,13,3,2,20
505,72,270,36,27,54
533,10,217,198,174,195
48,0,14,0,0,6
6,1,7,23,4,19
18,2,10,0,0,25
482,147,509,104,107,107
204,97,97,21,118,26
1073,0,250,153,14,14
245,16,223,21,43,16
560,21,442,29,44,29
173,13,131,32,3,6
22,1,11,0,5,3
136,1,12,0,3,32
275,0,86,10,23,66
56,19,29,2,14,25
303,23,751,82,26,191
708,7,62,0,0,15
324,132,693,27,118,88
1,5,3,7,4,8
620,26,195,34,17,141
312,21,206,102,92,149
1493,86,454,112,43,43
918,21,118,13,10,21
98,0,106,49,10,106
3,4,7,15,8,11
380,0,47,6,0,34
15,0,12,7,3,7
3,9,4,7,8,7
24,2,23,0,8,24
80,1,60,4,6,16
31,0,6,2,1,5
138,120,204,16,126,60
166,75,96,119,107,59
12,3,8,8,0,17
178,3,85,71,66,58
707,20,171,65,60,50
5,1,7,17,14,11
465,71,250,93,35,62
16,1,2,0,0,1
358,108,413,141,97,32
1,9,7,2,14,10
123,1,26,2,0,72
40,3,30,10,7,11
102,9,63,2,9,24
347,44,534,17,0,26
376,53,462,168,53,53
21,0,3,0,0,0
194,2,56,0,0,0
64,4,68,7,5,17
206,0,46,3,2,12
71,0,18,0,0,13
71,22,112,138,89,29
0,4,7,11,10,15
93,1,21,0,4,25
920,138,168,36,46,30
653,17,170,34,26,17
199,33,60,8,3,15
153,4,56,0,9,31
376,0,38,11,8,69
46,0,30,12,1,30
600,21,128,223,150,128
425,115,292,23,35,79
18,6,15,12,8,17
52,0,9,0,0,1
734,22,350,151,25,100
34,6,21,11,4,8
135,1,41,10,1,67
11,0,10,0,2,20
163,48,90,0,45,52
29,3,30,3,2,9
734,26,70,11,44,17
340,21,134,258,14,56
453,38,279,188,38,183
1073,0,629,145,37,37
135,0,10,0,4,36
231,7,137,4,15,39
18,0,5,0,0,11
620,16,165,0,24,82
81,4,33,5,2,291
12,4,2,10,6,10
292,51,981,224,23,17
965,34,586,89,86,37
27,2,10,0,0,1
777,30,163,0,51,122
572,8,232,23,62,17
438,169,565,91,169,70
531,69,300,150,138,150
17,0,9,0,0,1
402,35,106,101,77,42
503,27,419,90,139,153
369,9,87,12,14,34
5,0,3,0,0,1
362,17,398,80,35,61
56,0,9,0,0,3
79,1,31,4,4,12
387,84,141,73,35,162
367,17,241,104,188,232
15,0,11,0,2,9
267,6,54,8,3,50
298,27,697,216,24,166
674,92,736,39,0,92
16,14,36,37,22,48
37,4,24,16,9,9
159,0,22,2,1,31
686,17,142,23,26,35
97,3,66,12,7,34
63,6,57,13,13,22
56,5,24,4,0,3
209,19,456,160,142,66
198,2,43,0,12,20
313,15,47,20,0,192
941,14,397,76,58,176
86,4,56,2,4,7
167,48,602,63,72,72
8,3,19,0,2,3
389,66,408,37,57,85
239,7,119,4,15,11
179,21,273,0,21,63
5,0,1,1,1,1
2,6,28,13,4,16
383,0,53,6,4,40
2,8,8,6,1,9
536,27,590,38,107,67
2,1,4,3,1,2
322,53,899,34,40,53
539,169,816,20,0,30
712,50,420,65,38,38
1121,0,72,0,12,12
68,1,13,3,5,13
36,4,18,6,2,18
707,44,603,95,58,29
174,77,203,6,24,97
666,35,124,69,8,26
0,0,0,6,2,6
162,50,100,55,30,27
407,70,239,103,88,53
823,25,459,124,29,95
488,23,71,15,0,59
28,0,13,4,2,8
3,2,10,3,0,2
284,0,52,8,3,20
938,142,754,159,81,183
13,2,15,2,2,8
412,172,153,150,105,57
31,1,8,0,0,8
502,19,132,0,6,26
18,10,3,3,5,0
1,8,6,4,8,16
100,71,243,108,94,219
407,114,445,181,165,203
664,9,240,50,19,57
1045,61,338,60,46,46
1218,107,304,23,143,33
15,0,6,0,1,12
128,0,16,0,1,4
581,49,157,43,8,108
6,3,12,6,1,0
185,8,133,56,56,12
22,1,9,0,0,14
584,100,835,65,83,35
355,30,177,90,138,30
175,10,110,54,6,27
864,134,768,150,38,172
957,153,612,99,95,153
25,6,16,20,0,5
641,7,56,0,0,28
273,86,208,177,14,43
122,21,43,25,10,15
1,4,10,29,0,36
1020,31,430,62,63,79
6,2,3,1,262,3
378,14,68,19,14,14
42,1,18,3,0,4
15,5,14,0,4,11
272,7,80,20,7,11
9,1,24,2,1,2
279,0,18,0,0,9
398,61,265,138,61,53
637,47,237,12,19,76
45,0,16,2,1,6
21,1,9,7,3,5
15,4,13,0,0,19
493,183,352,184,23,28
957,40,175,158,53,107
829,138,430,60,92,15
1017,50,500,65,50,133
953,0,71,0,0,174
159,0,120,0,0,137
32,0,8,23,4,18
23,0,15,0,2,7
18,42,24,15,20,18
15,0,4,0,0,2
23,4,5,10,5,23
200,193,100,46,185,185
1324,27,119,71,108,27
1193,33,281,129,66,33
505,137,401,104,22,22
2,4,9,0,4,5
1103,0,45,0,0,34
353,61,753,40,46,27
652,48,350,94,84,108
379,6,157,25,91,91
46,4,36,2,2,1
162,31,127,8,17,69
8,3,19,3,3,8
17,3,18,3,4,18
340,108,185,130,38,100
8,4,15,3,5,3
154,22,202,39,30,8
710,15,30,20,0,0
8,2,4,0,0,1
2,2,4,13,13,4
1050,14,322,0,14,112
19,1,14,3,2,4
22,0,6,6,2,6
274,83,216,151,141,224
68,6,38,3,6,41
344,45,654,104,11,114
145,193,459,205,26,145
217,38,350,111,85,15
18,7,34,10,2,3
69,8,26,12,7,12
144,0,7,0,0,6
256,34,103,90,29,49
483,72,567,94,12,108
1285,105,653,28,21,0
338,4,89,11,8,13
605,10,345,84,54,32
8,0,7,3,1,1
172,41,86,45,6,27
448,71,951,40,17,17
67,4,32,17,2,16
512,53,98,81,179,89
1462,16,128,0,0,160
20,0,14,7,3,1
50,4,44,10,10,43
102,1,15,2,0,24
499,149,815,173,49,49
381,35,172,56,86,93
631,43,239,128,76,21
526,80,553,123,94,53
913,26,376,17,26,13
673,0,199,37,47,26
23,0,9,0,0,12
199,33,60,8,3,15
261,23,73,4,23,50
111,16,37,7,9,18
16,4,12,2,4,321
63,151,137,153,19,53
58,0,18,2,0,10
29,1,17,0,3,13
3,2,12,0,1,9
28,34,62,11,14,44
40,3,30,10,7,11
879,143,797,106,143,143
62,1,44,6,5,22
280,7,81,20,0,27
9,0,6,3,1,3
182,4,33,0,2,42
83,2,101,64,26,117
38,15,54,3,8,29
228,19,130,4,11,51
1092,37,592,145,37,55
85,15,27,13,13,21
1276,24,746,94,29,48
1017,33,417,108,100,16
6,2,9,2,1,5
448,21,125,52,101,62
504,23,117,179,28,44
226,22,133,41,31,31
239,3,141,0,7,23
90,38,67,33,36,67
7,2,8,3,2,3
4,2,5,2,0,0
16,17,19,20,21,22
10,3,3,0,0,0
68,0,16,0,0,8
35,0,13,2,0,2
575,80,428,208,93,80
315,0,31,4,0,91
182,2,49,17,13,20
561,14,113,10,14,35
587,51,932,180,34,86
94,1,33,13,12,12
908,43,735,40,194,21
228,122,122,208,129,30
995,112,417,42,48,41
11,1,2,2,1,6
3,3,14,15,21,10
12,1,16,4,1,3
17,0,2,0,0,2
8,0,5,0,3,6
22,4,17,12,10,13
14,10,29,4,7,15
106,27,68,52,7,5
820,57,242,45,0,11
753,43,226,69,10,204
13,3,17,7,3,3
9,1,3,0,4,8
19,3,6,4,2,12
520,8,223,32,49,42
5,17,17,13,14,34
618,44,215,0,17,36
315,35,322,46,7,143
15,1,23,0,5,1
384,60,364,119,101,232
110,29,92,28,10,145
208,17,76,36,17,38
555,82,257,93,61,61
240,90,216,63,6,24
11,0,36,15,5,12
848,154,323,201,61,78
202,47,197,55,42,149
433,89,650,16,102,102
6,6,15,10,5,2
37,0,7,3,0,3
167,37,64,49,34,116
45,7,99,4,25,43
129,0,21,0,1,7
713,0,264,120,80,34
676,161,426,210,44,58
450,26,535,73,98,26
22,2,12,0,2,5
367,4,51,6,4,95
526,35,214,69,53,35
51,0,16,0,0,4
25,0,11,3,0,15
28,6,27,12,17,39
958,159,447,20,0,31
532,88,168,69,44,133
724,17,143,0,8,196
375,42,48,94,66,96
39,0,56,20,8,14
23,0,15,0,2,7
587,54,348,71,54,130
29,1,11,0,0,0
757,80,217,29,80,11
544,35,133,23,151,107
40,15,15,17,6,7
1245,33,332,21,33,16
19,1,20,16,14,28
16,3,15,2,1,11
376,4,94,12,9,24
184,178,178,103,39,33
15,0,11,0,2,9
124,83,267,85,59,35
627,120,414,121,80,93
180,60,241,13,54,54
14,0,4,0,0,8
3,3,24,34,7,31
71,1,16,0,0,9
161,0,22,0,0,24
8,26,46,38,9,49
264,0,21,12,6,147
293,6,23,13,6,92
758,12,385,33,89,89
532,126,490,164,126,126
656,38,161,62,47,37
196,25,607,67,17,49
835,73,380,114,73,43
16,11,15,2,0,12
9,1,5,2,1,4
229,7,140,10,3,11
0,1,4,15,1,5
121,24,124,24,15,42
471,102,125,212,61,245
520,8,223,32,49,42
26,1,10,2,0,1
240,132,445,250,192,108
178,4,26,8,4,44
1486,55,278,49,0,185
1115,12,128,33,12,76
29,0,8,2,0,6
529,0,356,63,28,0
13,3,8,7,4,16
934,24,230,16,24,36
2,7,11,16,12,27
4,12,5,3,16,17
62,1,44,6,5,22
158,35,179,0,0,125
173,2,39,3,2,47
830,59,968,51,79,19
189,10,253,56,43,64
728,17,133,11,8,124
7,2,9,2,0,2
35,4,17,7,6,64
188,3,180,20,3,43
742,28,152,25,9,57
0,7,5,26,2,17
750,71,174,13,10,20
816,42,450,55,56,154
5,2,8,2,2,9
37,5,56,12,8,5
4,0,4,0,0,5
99,2,11,4,0,16
176,72,98,136,21,229
54,0,10,0,0,2
997,15,414,99,30,76
356,0,107,19,9,117
1311,0,359,46,89,17
890,63,292,0,25,12
4,0,2,0,0,2
17,0,14,7,3,2
960,0,883,50,38,0
2,1,2,1,1,1
1,3,2,20,30,47
240,67,500,199,0,163
301,11,61,4,7,11
154,0,50,6,11,37
2,3,6,4,1,9
104,12,48,4,12,5
70,3,37,4,2,64
2,0,9,3,6,2
23,2,11,3,1,4
43,4,12,8,0,27
4,24,11,16,1,25
654,7,92,0,15,30
912,72,170,47,36,97
25,0,8,0,1,4
24,4,22,0,2,9
141,11,114,15,14,5
71,0,13,3,1,0
35,1,16,0,1,1
496,32,849,229,48,128
9,9,11,13,10,16
154,0,50,6,11,37
9,1,5,4,5,7
26,3,23,4,7,3
77,8,44,10,10,25
11,2,7,4,2,2
576,7,115,19,7,7
89,15,89,34,42,5
1013,30,399,60,46,153
224,12,48,4,12,12
200,19,111,50,15,19
570,73,614,133,102,73
1,3,3,8,1,13
62,1,20,4,0,7
531,69,300,150,138,150
162,28,818,0,28,56
675,144,133,94,192,241
23,4,10,0,2,15
492,5,32,13,5,21
918,10,129,13,0,129
224,155,155,192,93,54
572,19,286,50,38,248
626,0,70,0,7,28
1074,37,518,193,92,129
741,68,689,224,68,103
322,3,50,4,3,42
254,10,44,30,10,227
116,6,82,6,6,41
22,2,18,0,2,12
516,0,21,0,0,5
14,36,11,3,26,35
2,8,10,12,14,23
28,0,9,3,0,0
530,142,217,62,9,56
519,50,167,130,0,41
611,76,749,59,45,26
240,67,500,199,0,163
4,9,12,11,2,8
671,47,655,145,111,15
23,1,7,0,4,24
9,1,2,3,2,0
556,54,845,202,133,63
833,80,363,52,26,174
12,0,13,4,2,4
56,7,48,10,2,18
293,8,124,11,4,106
297,0,38,13,0,152
39,1,16,2,0,3
5,11,16,21,8,45
266,21,300,65,8,44
322,3,50,4,3,42
366,124,156,71,78,54
32,0,8,23,4,18
158,0,23,0,0,18
269,129,495,182,43,29
41,0,10,0,0,3
3,3,3,15,4,15
33,0,5,0,0,15
302,29,131,32,0,27
519,71,860,93,27,53
23,2,17,2,1,0
594,51,631,72,55,32
12,4,7,1,3,5
4,2,5,0,0,5
18,3,19,3,3,6
332,194,377,149,125,57
5,1,8,0,0,1
171,3,129,26,24,62
270,31,88,11,48,22
712,26,538,69,13,80
2,8,11,3,8,21
21,12,12,0,3,3
580,6,58,8,0,27
368,24,68,38,0,88
457,5,106,15,17,53
229,7,137,4,0,91
32,2,1607,12,4,22
3,2,8,20,0,17
24,3,26,7,1,23
853,10,143,13,10,20
5,1,6,3,4,3
9,14,18,8,1,12
3,3,7,6,2,9
709,43,182,42,118,247
406,0,30,0,0,8
908,48,217,32,12,24
428,30,214,80,30,61
84,3,61,2,1,21
